{"start_time": "2020-03-28", "data": {"positive": [151, 352], "neutral": [61, 103], "negative": [171, 296], "total": [383, 751], "polar": [0.47389033942558745, 0.53728362183755]}}