{"start_time": 1585287749.5697923, "data": {"positive": [194, 351, 548, 763], "neutral": [55, 115, 183, 225], "negative": [148, 326, 454, 592], "total": [397, 792, 1185, 1580], "polar": [2.2317380352644838, 2.063131313131313, 2.158649789029536, 2.2164556962025315]}}