{"pause": false, "start_time": "2020-04-03", "data": {"positive": [69, 115, 147, 185, 234, 278], "neutral": [12, 22, 32, 42, 51, 56], "negative": [91, 121, 163, 196, 230, 254], "total": [172, 258, 342, 423, 515, 588], "polar": [0.436046511627907, 0.4883720930232558, 0.4766081871345029, 0.48699763593380613, 0.503883495145631, 0.5204081632653061]}}