{"start_time": "2020-03-28", "data": {"positive": [122, 215, 415, 543, 728], "neutral": [92, 186, 285, 360, 426], "negative": [183, 396, 496, 685, 829], "total": [397, 797, 1196, 1588, 1983], "polar": [0.42317380352644834, 0.3864491844416562, 0.4661371237458194, 0.4552896725440806, 0.4745335350479072]}}