{"pause": false, "start_time": "2020-04-05", "data": {"positive": [333, 663, 944, 1170, 1362, 1621, 1882, 2259, 2666, 2958, 3170, 3579, 3930, 4281, 4632, 4983, 5334, 5685, 6036, 6387, 6738, 7050, 7362, 7713, 8064, 8376, 8727, 9039, 9390, 9741, 10053, 10343, 10651, 10936, 11236, 11485, 11739, 11980, 12318, 12591, 12806, 13064, 13262, 13438, 13636, 13834, 14010, 14186, 14384, 14560, 14736, 14912, 15110, 15308, 15484, 15682, 15880, 16078, 16276, 16474, 16650, 16863, 17145, 17462, 17756, 18063, 18369, 18653, 18957, 19285, 19603, 19845, 20025, 20205, 20365, 20545, 20745, 20925, 21105, 21265, 21465, 21625, 21825, 21985], "neutral": [199, 349, 521, 706, 865, 1021, 1193, 1359, 1514, 1702, 1844, 2047, 2272, 2497, 2722, 2947, 3172, 3397, 3622, 3847, 4072, 4272, 4472, 4697, 4922, 5122, 5347, 5547, 5772, 5997, 6197, 6386, 6574, 6717, 6878, 7046, 7217, 7374, 7542, 7721, 7895, 8073, 8280, 8464, 8671, 8878, 9062, 9246, 9453, 9637, 9821, 10005, 10212, 10419, 10603, 10810, 11017, 11224, 11431, 11638, 11822, 12025, 12194, 12376, 12533, 12733, 12874, 13064, 13238, 13387, 13577, 13718, 14006, 14294, 14550, 14838, 15158, 15446, 15734, 15990, 16310, 16566, 16886, 17142], "negative": [353, 664, 1007, 1389, 1730, 2108, 2463, 2805, 3032, 3343, 3781, 4065, 4389, 4713, 5037, 5361, 5685, 6009, 6333, 6657, 6981, 7269, 7557, 7881, 8205, 8493, 8817, 9105, 9429, 9753, 10041, 10362, 10657, 10922, 11252, 11525, 11896, 12292, 12579, 12918, 13323, 13679, 14165, 14597, 15083, 15569, 16001, 16433, 16919, 17351, 17783, 18215, 18701, 19187, 19619, 20105, 20591, 21077, 21563, 22049, 22481, 22956, 23297, 23588, 23932, 24218, 24467, 24785, 25099, 25413, 25692, 26000, 26423, 26846, 27222, 27645, 28115, 28538, 28961, 29337, 29807, 30183, 30653, 31029], "total": [885, 1676, 2472, 3265, 3957, 4750, 5538, 6423, 7212, 8003, 8795, 9691, 10591, 11491, 12391, 13291, 14191, 15091, 15991, 16891, 17791, 18591, 19391, 20291, 21191, 21991, 22891, 23691, 24591, 25491, 26291, 27091, 27882, 28575, 29366, 30056, 30852, 31646, 32439, 33230, 34024, 34816, 35707, 36499, 37390, 38281, 39073, 39865, 40756, 41548, 42340, 43132, 44023, 44914, 45706, 46597, 47488, 48379, 49270, 50161, 50953, 51844, 52636, 53426, 54221, 55014, 55710, 56502, 57294, 58085, 58872, 59563, 60454, 61345, 62137, 63028, 64018, 64909, 65800, 66592, 67582, 68374, 69364, 70156], "polar": [0.4887005649717514, 0.4997016706443914, 0.48725728155339804, 0.4664624808575804, 0.4535001263583523, 0.44873684210526316, 0.4475442397977609, 0.4574964969640355, 0.4746256239600666, 0.4759465200549794, 0.46526435474701533, 0.47492518831905894, 0.478330658105939, 0.48120268035854147, 0.48365749334194175, 0.48577985102701077, 0.4876330068353182, 0.4892651249088861, 0.4907135263585767, 0.4920075780001184, 0.4931707042886853, 0.49411005325157337, 0.4949718941777113, 0.49586023360110393, 0.49667311594544855, 0.4973398208357965, 0.49803416189768906, 0.49860706597442067, 0.4992070269610833, 0.4997646228080499, 0.5002282149785098, 0.49964933003580525, 0.49989240370131266, 0.5002449693788277, 0.4997275761084247, 0.49933457545914295, 0.497455594450927, 0.49507046704164825, 0.4959770646444095, 0.49507974721637077, 0.49240242181989186, 0.4911678538602941, 0.4873554205057832, 0.4841228526808954, 0.48064990639208344, 0.47733862751756745, 0.4745220484733704, 0.47181738366988585, 0.46890028462066935, 0.4664123423510157, 0.46401747756258854, 0.46171056292311974, 0.459214501510574, 0.45681747339359663, 0.4547652386995143, 0.4525398630813143, 0.4503979952830189, 0.44833502139357984, 0.446346661254313, 0.44442893881700923, 0.44278060173100703, 0.44123717305763444, 0.4415609088836538, 0.4426683637180399, 0.4430478965714391, 0.4440596938960992, 0.4452701489858194, 0.44573643410852715, 0.44639927392048034, 0.44724972023758286, 0.44828611224351134, 0.44833201819921764, 0.44708373308631355, 0.4458717091857527, 0.44482353509181327, 0.44367582661674176, 0.4424380642944172, 0.44135636044308185, 0.44030395136778117, 0.4393921191734743, 0.4382823828830162, 0.43741773188638955, 0.43636468485093133, 0.4355436455898284]}}