{"pause": false, "start_time": "2020-04-05", "data": {"positive": [262, 469, 812, 1026, 1357, 1721, 2085, 2501, 2865, 3281, 3645, 4009, 4425, 4841, 5257, 5725, 5975, 6250, 6555, 6745, 7086, 7299, 7532, 7784, 8134, 8371, 8629, 8867, 9196, 9490, 9810, 10137, 10353, 10636, 10975, 11207, 11547, 11846, 12162, 12449, 12761, 13073, 13385, 13619, 13931, 14282, 14483, 14742, 14975, 15278, 15501, 15731, 16066, 16305, 16503, 16816, 17045, 17349, 17673, 17938, 18159, 18426, 18767, 19183, 19547, 20015, 20431, 20899, 21367, 21783, 22251, 22667, 23031, 23343, 23707, 24071, 24250, 24437, 24679, 24939, 25154, 25473, 25729, 26022, 26319], "neutral": [169, 319, 495, 683, 831, 978, 1125, 1293, 1440, 1608, 1755, 1902, 2070, 2238, 2406, 2595, 2749, 2882, 3062, 3217, 3381, 3559, 3691, 3826, 3969, 4131, 4311, 4463, 4640, 4812, 4993, 5160, 5335, 5520, 5683, 5866, 6029, 6187, 6361, 6568, 6808, 7048, 7288, 7468, 7708, 7978, 8132, 8311, 8489, 8661, 8803, 8968, 9124, 9258, 9443, 9605, 9778, 9967, 10135, 10347, 10501, 10709, 10880, 11072, 11240, 11456, 11648, 11864, 12080, 12272, 12488, 12680, 12848, 12992, 13160, 13328, 13463, 13594, 13730, 13920, 14083, 14224, 14424, 14547, 14722], "negative": [365, 605, 884, 1173, 1388, 1570, 1752, 1960, 2142, 2350, 2532, 2714, 2922, 3130, 3338, 3572, 3859, 4138, 4445, 4791, 5076, 5480, 5807, 6215, 6512, 6807, 7163, 7466, 7656, 7976, 8270, 8562, 8864, 9192, 9480, 9753, 10040, 10275, 10577, 10865, 11081, 11297, 11513, 11675, 11891, 12134, 12467, 12824, 13109, 13428, 13661, 13960, 14255, 14570, 14957, 15177, 15472, 15774, 15977, 16261, 16577, 16892, 17076, 17268, 17436, 17652, 17844, 18060, 18276, 18468, 18684, 18876, 19044, 19188, 19356, 19524, 19807, 20083, 20302, 20640, 20954, 21289, 21629, 21903, 22225], "total": [796, 1393, 2191, 2882, 3576, 4269, 4962, 5754, 6447, 7239, 7932, 8625, 9417, 10209, 11001, 11892, 12583, 13270, 14062, 14753, 15543, 16338, 17030, 17825, 18615, 19309, 20103, 20796, 21492, 22278, 23073, 23859, 24552, 25348, 26138, 26826, 27616, 28308, 29100, 29882, 30650, 31418, 32186, 32762, 33530, 34394, 35082, 35877, 36573, 37367, 37965, 38659, 39445, 40133, 40903, 41598, 42295, 43090, 43785, 44546, 45237, 46027, 46723, 47523, 48223, 49123, 49923, 50823, 51723, 52523, 53423, 54223, 54923, 55523, 56223, 56923, 57520, 58114, 58711, 59499, 60191, 60986, 61782, 62472, 63266], "polar": [0.4353015075376884, 0.45118449389806176, 0.4835691465084436, 0.47449687716863287, 0.495665548098434, 0.5176856406652612, 0.5335550181378477, 0.5470107751129649, 0.5560725919032108, 0.5643044619422573, 0.5701588502269289, 0.5750724637681159, 0.5798024848677923, 0.583798609070428, 0.5872193436960277, 0.59052304069963, 0.5840816975284113, 0.579577995478523, 0.5750248897738586, 0.5662238188842947, 0.5646593321752558, 0.5556677683927042, 0.5506459189665297, 0.5440112201963534, 0.5435670158474348, 0.5404992490548449, 0.5364622195692186, 0.5336843623773803, 0.5358272845710031, 0.5339797109255768, 0.5333723399644607, 0.5330064126744625, 0.5303233952427501, 0.5284835095471043, 0.528598209503405, 0.5271005740699322, 0.5272849073001159, 0.5277483396919599, 0.527233676975945, 0.5265042500501974, 0.5274061990212072, 0.5282640524540072, 0.5290809668800099, 0.5296685184054698, 0.5304205189382643, 0.5312263766936094, 0.5287326834273987, 0.5267302171307523, 0.5255106225904356, 0.5247544624936441, 0.5242328460424075, 0.5229054036576217, 0.5229560147040182, 0.5216156280367777, 0.5188983693127643, 0.5197004663685754, 0.5185955786736021, 0.51827570201903, 0.5193673632522553, 0.5188232388991155, 0.5174856864955678, 0.5166641319225672, 0.5180960126704193, 0.5201481387959515, 0.5218878958173485, 0.5240518697962258, 0.5259099012479218, 0.5279302677921414, 0.5298803240337954, 0.5315576033356815, 0.533384497313891, 0.5349574903638677, 0.5362962693225061, 0.5374169263188229, 0.5386941287373495, 0.5399399188377282, 0.5386213490959666, 0.5374608528065526, 0.5372758086218937, 0.5361266575908838, 0.5348889368842518, 0.5343029547765061, 0.5331811854585478, 0.5329667691125625, 0.5323554515853697]}}