{"pause": false, "start_time": "2020-04-03", "data": {"positive": [134, 350, 497, 672, 826, 990, 1116, 1230, 1377, 1576, 1669, 1802, 1970, 2084, 2192, 2303, 2462, 2592], "neutral": [72, 139, 210, 250, 285, 345, 385, 449, 499, 542, 588, 652, 707, 757, 818, 880, 931, 1017], "negative": [177, 285, 414, 528, 673, 795, 883, 1044, 1165, 1270, 1442, 1589, 1703, 1874, 1979, 2141, 2287, 2446], "total": [383, 774, 1121, 1450, 1784, 2130, 2384, 2723, 3041, 3388, 3699, 4043, 4380, 4715, 4989, 5324, 5680, 6055], "polar": [0.44386422976501305, 0.5419896640826873, 0.5370205173951829, 0.5496551724137931, 0.5428811659192825, 0.545774647887324, 0.5488674496644296, 0.5341535071612192, 0.53485695494903, 0.545159386068477, 0.530683968640173, 0.5263418253771952, 0.5304794520547945, 0.5222693531283139, 0.5213469633193024, 0.515214124718257, 0.5154049295774648, 0.512056151940545]}}