{"start_time": "2020-03-31", "data": {"positive": [187, 399, 561, 719, 871, 1086, 1234, 1427, 1599, 1773], "neutral": [65, 142, 211, 277, 354, 437, 490, 569, 652, 719], "negative": [147, 251, 415, 585, 752, 852, 948, 1074, 1219, 1377], "total": [399, 792, 1187, 1581, 1977, 2375, 2672, 3070, 3470, 3869], "polar": [0.550125313283208, 0.5934343434343434, 0.5614995787700084, 0.5423782416192283, 0.530096105209914, 0.5492631578947369, 0.5535179640718563, 0.5574918566775244, 0.5547550432276657, 0.5511760144740243]}}