{"start_time": "2020-03-28", "data": {"positive": [149, 276, 391, 518, 680, 835, 932], "neutral": [89, 157, 238, 325, 428, 515, 581], "negative": [157, 356, 559, 739, 871, 1027, 1162], "total": [395, 789, 1188, 1582, 1979, 2377, 2675], "polar": [0.489873417721519, 0.44930291508238274, 0.4292929292929293, 0.4301517067003793, 0.4517433046993431, 0.45961295750946574, 0.4570093457943925]}}