{"start_time": "2020-03-31", "data": {"positive": [187, 399, 561, 719, 871, 1086, 1234], "neutral": [65, 142, 211, 277, 354, 437, 490], "negative": [147, 251, 415, 585, 752, 852, 948], "total": [399, 792, 1187, 1581, 1977, 2375, 2672], "polar": [0.550125313283208, 0.5934343434343434, 0.5614995787700084, 0.5423782416192283, 0.530096105209914, 0.5492631578947369, 0.5535179640718563]}}