{"pause": false, "start_time": "2020-04-05", "data": {"positive": [62, 87, 105, 128, 146, 198, 225, 259, 271, 283, 367, 463], "neutral": [24, 39, 49, 62, 70, 93, 103, 122, 137, 152, 257, 377], "negative": [48, 75, 117, 147, 188, 244, 272, 319, 356, 393, 652, 948], "total": [134, 201, 271, 337, 404, 535, 600, 700, 764, 828, 1276, 1788], "polar": [0.5522388059701493, 0.5298507462686567, 0.477859778597786, 0.47181008902077154, 0.44801980198019803, 0.4570093457943925, 0.4608333333333333, 0.45714285714285713, 0.4443717277486911, 0.4335748792270531, 0.38832288401253917, 0.3643736017897092]}}