{"start_time": "2020-03-28", "data": {"positive": [147, 343, 477, 604, 760, 911, 1082, 1286, 1468, 1627], "neutral": [45, 100, 148, 193, 249, 275, 307, 355, 410, 450], "negative": [207, 354, 571, 795, 980, 1102, 1298, 1445, 1606, 1805], "total": [399, 797, 1196, 1592, 1989, 2288, 2687, 3086, 3484, 3882], "polar": [1.699248120300752, 1.972396486825596, 1.842809364548495, 1.7600502512562815, 1.7787833081950728, 1.8330419580419581, 1.8392259024934872, 1.896953985742061, 1.920780711825488, 1.9082946934569809]}}